URL,80
w012.cepsa.com,X,
re.deventing.com,X,
www.cepsa.es,X,
services.endolanpika.com,X,
premiumlink.online,X,
www.cepsa.com,X,
click.mktcsf.net,X,
ads.adsmaniac.pl,X,
grupogaray.es,X,
immo.anpowie.com,X,
click.mktcsf.pt,X,
career2.successfactors.eu,X,
fundacion.cepsa.com,X,
www0.cepsa.com,X,
cepsa.com,X,
www.porquetuvuelves.com,X,
cepsa.co,X,
cepsa.org,X,
oleumcepsa.com,X,
jobs.cepsa.com,X,
sip.cepsa.com,X,
apiportal.cepsa.com,X,
ns1.cepsa.com,X,
alias.cepsa.com,X,
msl.dev.architecture.cepsa.com,X,
servidor11.cepsa.com,X,
mgr.cepsa.com,X,
servidor02.cepsa.com,X,
servidor03.cepsa.com,X,
ep01.cepsa.com,X,
servidor10.cepsa.com,X,
sso.cepsa.com,X,
aml.cepsa.com,X,
permtvision.cepsa.com,X,
app2.cepsa.com,X,
pertodesi.cepsa.com,X,
gtm-dev.cepsa.com,X,
gtm-qa.cepsa.com,X,
dev.architecture.cepsa.com,X,
architecture.cepsa.com,X,
web.gtm-dev.cepsa.com,X,
aml.cepsa.com,X,
app2.cepsa.com,X,
*.ayilbycepsa.com,X,
botellacepsa.com,X,
*.campusdelaenergiafundacioncepsa.com,X,
campusdelaenergiafundacioncepsa.com,X,
*.cepsa.com,X,
cepsa.com,X,
permtvision.cepsa.com,X,
pertodesi.cepsa.com,X,
sso.cepsa.com,X,
w012.cepsa.com,X,
www.botellacepsa.com,X,
www.fundacioncepsa.com,X,
www.gasbutanocepsa.com,X,
www.gasoleocalefaccioncepsa.com,X,
www.tiendacepsa.com,X,
test.gtm-qa.cepsa.com,X,
cepsa.com,X,
mcprod.cepsa.com,X,
tiendacepsa.com,X,
www.cepsa.com,X,
www.tiendacepsa.com,X,
mcstaging.cepsa.com,X,
aml.cepsa.com,X,
app2.cepsa.com,X,
*.ayilbycepsa.com,X,
botellacepsa.com,X,
*.campusdelaenergiafundacioncepsa.com,X,
*.cepsa.com,X,
cepsa.com,X,
permtvision.cepsa.com,X,
pertodesi.cepsa.com,X,
sso.cepsa.com,X,
w012.cepsa.com,X,
www.botellacepsa.com,X,
www.fundacioncepsa.com,X,
www.gasbutanocepsa.com,X,
www.gasoleocalefaccioncepsa.com,X,
www.tiendacepsa.com,X,
vfintegration.cepsa.com,X,
vfintegrationtest.cepsa.com,X,
social.cepsa.com,X,
captiveportal-login.cepsa.com,X,
cepsa.com,X,
cepsa.com,X,
servidor10.cepsa.com,X,
servidor11.cepsa.com,X,
sip.cepsa.com,X,
mtls.dev.architecture.cepsa.com,X,
testapi.dev.architecture.cepsa.com,X,
testapi-local-ca.dev.architecture.cepsa.com,X,
ayilbycepsa.com,X,
*.botellacepsa.com,X,
botellacepsa.com,X,
*.campusdelaenergiafundacioncepsa.com,X,
*.cepsa.com,X,
cepsa.com,X,
*.fundacioncepsa.com,X,
*.gasbutanocepsa.com,X,
*.gasoleocalefaccioncepsa.com,X,
*.tiendacepsa.com,X,
outsourcing.cepsa.com,X,
botellacepsa.com,X,
botellacepsa.com,X,
*.campusdelaenergiafundacioncepsa.com,X,
*.cepsa.com,X,
cepsa.com,X,
*.fundacioncepsa.com,X,
*.gasbutanocepsa.com,X,
*.gasoleocalefaccioncepsa.com,X,
*.tiendacepsa.com,X,
assetdashboard.cepsa.com,X,
assetdashboard.cepsa.com,X,
cepsa.com,X,
mcprod.cepsa.com,X,
www.cepsa.com,X,
www.tiendacepsa.com,X,
cepsa.com,X,
mcprod.cepsa.com,X,
www.cepsa.com,X,
botellacepsa.com,X,
botellacepsa.com,X,
*.campusdelaenergiafundacioncepsa.com,X,
*.cepsa.com,X,
cepsa.com,X,
*.ecobluecepsa.com,X,
*.fundacioncepsa.com,X,
*.garrafacepsa.com,X,
*.gasbutanocepsa.com,X,
*.gasoleocalefaccioncepsa.com,X,
*.oleumcepsa.com,X,
*.tiendacepsa.com,X,
botellacepsa.com,X,
botellacepsa.com,X,
*.cepsa.com,X,
cepsa.com,X,
*.ecobluecepsa.com,X,
*.fundacioncepsa.com,X,
*.garrafacepsa.com,X,
*.gasbutanocepsa.com,X,
*.gasoleocalefaccioncepsa.com,X,
*.oleumcepsa.com,X,
*.tiendacepsa.com,X,
cepsa.com,X,
cepsa.com,X,
*.ecobluecepsa.com,X,
*.fundacioncepsa.com,X,
*.garrafacepsa.com,X,
*.gasbutanocepsa.com,X,
*.gasoleocalefaccioncepsa.com,X,
*.oleumcepsa.com,X,
*.tiendacepsa.com,X,
botellacepsa.com,X,
*.cepsa.com,X,
cepsa.com,X,
*.ecobluecepsa.com,X,
*.fundacioncepsa.com,X,
*.garrafacepsa.com,X,
*.gasbutanocepsa.com,X,
*.gasoleocalefaccioncepsa.com,X,
*.oleumcepsa.com,X,
*.tiendacepsa.com,X,
botellacepsa.com,X,
*.cepsa.com,X,
cepsa.com,X,
*.ecobluecepsa.com,X,
*.fundacioncepsa.com,X,
*.garrafacepsa.com,X,
*.gasbutanocepsa.com,X,
*.oleumcepsa.com,X,
*.tiendacepsa.com,X,
cepsa.com,X,
cepsa.com,X,
*.ecobluecepsa.com,X,
*.fundacioncepsa.com,X,
*.garrafacepsa.com,X,
*.gasbutanocepsa.com,X,
*.oleumcepsa.com,X,
*.tiendacepsa.com,X,
cepsa.com,X,
cepsa.com,X,
*.ecobluecepsa.com,X,
*.gasbutanocepsa.com,X,
*.oleumcepsa.com,X,
*.tiendacepsa.com,X,
cepsa.com,X,
cepsa.com,X,
*.tiendacepsa.com,X,
cloudfront.assetdashboard.cepsa.com,X,
diego.lopez@cepsa.com,X,
c2s.cepsa.com,X,
rafael.hernandez@cepsa.com,X,
mdm_vodafone.cepsa.com,X,
viajes.cepsa.com,X,
w012.cepsa.com,X,
re.deventing.com,X,
www.cepsa.es,X,
services.endolanpika.com,X,
premiumlink.online,X,
www.cepsa.com,X,
click.mktcsf.net,X,
ads.adsmaniac.pl,X,
grupogaray.es,X,
immo.anpowie.com,X,
fundacion.cepsa.com,X,
www0.cepsa.com,X,
cepsa.com,X,
webexpress.retarus.com,X,
www.porquetuvuelves.com,X,
oleumcepsa.com,X,
cepsa.es,X,
cepsa.es,X,
cepsa.es,X,
www.botellacepsa.es,X,
www.tiendacepsa.es,X,
mcprod.cepsa.es,X,
mcstaging.cepsa.es,X,
cepsa.es,X,
cepsa.es,X,
www.botellacepsa.es,X,
www.fundacioncepsa.es,X,
www.tiendacepsa.es,X,
cepsa.es,X,
cepsa.es,X,
18xdeti-12345-1d.cepsa.es,X,
botellacepsa.es,X,
*.cepsa.es,X,
cepsa.es,X,
*.fundacioncepsa.es,X,
*.tiendacepsa.es,X,
cercadeti.cepsa.es,X,
botellacepsa.es,X,
*.cepsa.es,X,
cepsa.es,X,
*.fundacioncepsa.es,X,
cepsa.es,X,
cepsa.es,X,
*.fundacioncepsa.es,X,
distribuidores.cepsa.es,X,
www.distribuidores.cepsa.es,X,
enruta.cepsa.es,X,
www.enruta.cepsa.es,X,
cepsa.es,X,
www.cepsa.es,X,
email.cepsa.net,X,
www.tiendacepsa.com,X,
tiendacepsa.com,X,
www.tiendacepsa.com,X,
tiendacepsa.com,X,
www.tiendacepsa.es,X,
tiendacepsa.es,X,
mail2.tiendacepsa.es,X,
mail.tiendacepsa.es,X,
_xmpp-server._tcp.cepsa.com,X,
sip.cepsa.com,X,
ns1.cepsa.net,X,
lyncdiscover.cepsa.com,X,
dialin.cepsa.com,X,
meet.cepsa.com,X,
test.cepsa.es,X,
test31.cepsa.es,X,
cercadeti.cepsa.es,X,
app2.cepsa.com,X,
distribuidores.cepsa.es,X,
www.cepsa.es,X,
enruta.cepsa.es,X,
porquetuvuelves.cepsa.es,X,
servidor10.cepsa.com,X,
pertodesi.cepsa.com,X,
w012.cepsa.com,X,
tiendacepsa.es,X,
sso.cepsa.com,X,
www.tiendacepsa.com,X,
aml.cepsa.com,X,
tiendacepsa.com,X,
cepsa.net,X,
cepsa.com,X,
permtvision.cepsa.com,X,
jobs.cepsa.com,X,
www.tiendacepsa.es,X,
chemicals.cepsa.com,X,
www.cepsa.com,X,
media.cepsa.com,X,
pt.cepsa.com,X,
servidor03.cepsa.com,X,
ep01.cepsa.com,X,
servidor02.cepsa.com,X,
servidor12.cepsa.com,X,
prv.cepsa.com,X,
prvc.cepsa.com,X,
dev.architecture.cepsa.com,X,
priv.cepsa.com,X,
asphalts.cepsa.com,X,
aviation.cepsa.com,X,
mgr.cepsa.com,X,
www.cepsa.net,X,
lubricants.cepsa.com,X,
alias.cepsa.com,X,
msl.dev.architecture.cepsa.com,X,
porquetuvuelves.cepsa.com,X,
ns1.cepsa.com,X,
apiportal.cepsa.com,X,
servidor11.cepsa.com,X,
mail.cepsa.net,X,
c2s.cepsa.com,X,
web.gtm-dev.cepsa.com,X,
bunker.cepsa.com,X,
fundacion.cepsa.com,X,
cepsa.es,X,
autodiscover.cepsa.com,X,
mcstaging.cepsa.es,X,
www0.cepsa.com,X,
www9.cepsa.com,X,
mcprod.cepsa.es,X,
social.cepsa.com,X,
as.servidor12.cepsa.com,X,
social105.cepsa.com,X,
videoasistencia.cepsa.com,X,
download.servidor12.cepsa.com,X,
servidor14.cepsa.com,X,
servidor13.cepsa.com,X,
servidor01.cepsa.com,X,
w020.cepsa.com,X,
auth.cepsa.com,X,
noil.cepsa.com,X,
prvpt.cepsa.com,X,
buscador1.cepsa.com,X,
www8.cepsa.com,X,
email.cepsa.net,X,
starressa.cepsa.com,X,
b2b.cepsa.es,X,