Protocol,Port,Domain,Request Status,Screenshot Path, Source Path
http,80,w012.cepsa.com,Successful,/home/kali/Desktop/Practicaredteam/EyeWitness/screens/http.w012.cepsa.com.png,/home/kali/Desktop/Practicaredteam/EyeWitness/source/http.w012.cepsa.com.txt
http,80,re.deventing.com,Successful,/home/kali/Desktop/Practicaredteam/EyeWitness/screens/http.re.deventing.com.png,/home/kali/Desktop/Practicaredteam/EyeWitness/source/http.re.deventing.com.txt
http,80,www.cepsa.es,Successful,/home/kali/Desktop/Practicaredteam/EyeWitness/screens/http.www.cepsa.es.png,/home/kali/Desktop/Practicaredteam/EyeWitness/source/http.www.cepsa.es.txt
http,80,services.endolanpika.com,Successful,/home/kali/Desktop/Practicaredteam/EyeWitness/screens/http.immo.anpowie.com.png,/home/kali/Desktop/Practicaredteam/EyeWitness/source/http.services.endolanpika.com.txt
http,80,premiumlink.online,Successful,/home/kali/Desktop/Practicaredteam/EyeWitness/screens/http.premiumlink.online.png,/home/kali/Desktop/Practicaredteam/EyeWitness/source/http.premiumlink.online.txt
http,80,www.cepsa.com,Successful,/home/kali/Desktop/Practicaredteam/EyeWitness/screens/http.www.cepsa.com.png,/home/kali/Desktop/Practicaredteam/EyeWitness/source/http.www.cepsa.com.txt
http,80,click.mktcsf.net,Successful,/home/kali/Desktop/Practicaredteam/EyeWitness/screens/http.click.mktcsf.pt.png,/home/kali/Desktop/Practicaredteam/EyeWitness/source/http.click.mktcsf.net.txt
http,80,ads.adsmaniac.pl,Successful,/home/kali/Desktop/Practicaredteam/EyeWitness/screens/http.ads.adsmaniac.pl.png,/home/kali/Desktop/Practicaredteam/EyeWitness/source/http.ads.adsmaniac.pl.txt
http,80,grupogaray.es,Timeout,/home/kali/Desktop/Practicaredteam/EyeWitness/screens/http.grupogaray.es.png,/home/kali/Desktop/Practicaredteam/EyeWitness/source/http.grupogaray.es.txt
http,80,immo.anpowie.com,Successful,/home/kali/Desktop/Practicaredteam/EyeWitness/screens/http.immo.anpowie.com.png,/home/kali/Desktop/Practicaredteam/EyeWitness/source/http.immo.anpowie.com.txt
http,80,click.mktcsf.pt,Successful,/home/kali/Desktop/Practicaredteam/EyeWitness/screens/http.click.mktcsf.pt.png,/home/kali/Desktop/Practicaredteam/EyeWitness/source/http.click.mktcsf.pt.txt
http,80,career2.successfactors.eu,Successful,/home/kali/Desktop/Practicaredteam/EyeWitness/screens/http.career2.successfactors.eu.png,/home/kali/Desktop/Practicaredteam/EyeWitness/source/http.career2.successfactors.eu.txt
http,80,fundacion.cepsa.com,Successful,/home/kali/Desktop/Practicaredteam/EyeWitness/screens/http.fundacion.cepsa.com.png,/home/kali/Desktop/Practicaredteam/EyeWitness/source/http.fundacion.cepsa.com.txt
http,80,www0.cepsa.com,Timeout,/home/kali/Desktop/Practicaredteam/EyeWitness/screens/http.www0.cepsa.com.png,/home/kali/Desktop/Practicaredteam/EyeWitness/source/http.www0.cepsa.com.txt
http,80,cepsa.com,Successful,/home/kali/Desktop/Practicaredteam/EyeWitness/screens/http.cepsa.com.png,/home/kali/Desktop/Practicaredteam/EyeWitness/source/http.cepsa.com.txt
http,80,www.porquetuvuelves.com,Timeout,/home/kali/Desktop/Practicaredteam/EyeWitness/screens/http.www.porquetuvuelves.com.png,/home/kali/Desktop/Practicaredteam/EyeWitness/source/http.www.porquetuvuelves.com.txt
http,80,cepsa.co,Timeout,/home/kali/Desktop/Practicaredteam/EyeWitness/screens/http.cepsa.co.png,/home/kali/Desktop/Practicaredteam/EyeWitness/source/http.cepsa.co.txt
http,80,cepsa.org,Timeout,/home/kali/Desktop/Practicaredteam/EyeWitness/screens/http.cepsa.org.png,/home/kali/Desktop/Practicaredteam/EyeWitness/source/http.cepsa.org.txt
http,80,oleumcepsa.com,BadStatus,/home/kali/Desktop/Practicaredteam/EyeWitness/screens/http.oleumcepsa.com.png,/home/kali/Desktop/Practicaredteam/EyeWitness/source/http.oleumcepsa.com.txt
http,80,jobs.cepsa.com,Successful,/home/kali/Desktop/Practicaredteam/EyeWitness/screens/http.jobs.cepsa.com.png,/home/kali/Desktop/Practicaredteam/EyeWitness/source/http.jobs.cepsa.com.txt
http,80,sip.cepsa.com,Timeout,/home/kali/Desktop/Practicaredteam/EyeWitness/screens/http.sip.cepsa.com.png,/home/kali/Desktop/Practicaredteam/EyeWitness/source/http.sip.cepsa.com.txt
http,80,apiportal.cepsa.com,Timeout,/home/kali/Desktop/Practicaredteam/EyeWitness/screens/http.apiportal.cepsa.com.png,/home/kali/Desktop/Practicaredteam/EyeWitness/source/http.apiportal.cepsa.com.txt
http,80,ns1.cepsa.com,Timeout,/home/kali/Desktop/Practicaredteam/EyeWitness/screens/http.ns1.cepsa.com.png,/home/kali/Desktop/Practicaredteam/EyeWitness/source/http.ns1.cepsa.com.txt
http,80,alias.cepsa.com,Successful,/home/kali/Desktop/Practicaredteam/EyeWitness/screens/http.www.cepsa.es.png,/home/kali/Desktop/Practicaredteam/EyeWitness/source/http.alias.cepsa.com.txt
http,80,msl.dev.architecture.cepsa.com,BadStatus,/home/kali/Desktop/Practicaredteam/EyeWitness/screens/http.msl.dev.architecture.cepsa.com.png,/home/kali/Desktop/Practicaredteam/EyeWitness/source/http.msl.dev.architecture.cepsa.com.txt
http,80,servidor11.cepsa.com,Timeout,/home/kali/Desktop/Practicaredteam/EyeWitness/screens/http.servidor11.cepsa.com.png,/home/kali/Desktop/Practicaredteam/EyeWitness/source/http.servidor11.cepsa.com.txt
http,80,mgr.cepsa.com,Successful,/home/kali/Desktop/Practicaredteam/EyeWitness/screens/http.mgr.cepsa.com.png,/home/kali/Desktop/Practicaredteam/EyeWitness/source/http.mgr.cepsa.com.txt
http,80,servidor02.cepsa.com,Successful,/home/kali/Desktop/Practicaredteam/EyeWitness/screens/http.as.servidor12.cepsa.com.png,/home/kali/Desktop/Practicaredteam/EyeWitness/source/http.servidor02.cepsa.com.txt
http,80,servidor03.cepsa.com,Timeout,/home/kali/Desktop/Practicaredteam/EyeWitness/screens/http.servidor03.cepsa.com.png,/home/kali/Desktop/Practicaredteam/EyeWitness/source/http.servidor03.cepsa.com.txt
http,80,ep01.cepsa.com,Timeout,/home/kali/Desktop/Practicaredteam/EyeWitness/screens/http.ep01.cepsa.com.png,/home/kali/Desktop/Practicaredteam/EyeWitness/source/http.ep01.cepsa.com.txt
http,80,servidor10.cepsa.com,Timeout,/home/kali/Desktop/Practicaredteam/EyeWitness/screens/http.servidor10.cepsa.com.png,/home/kali/Desktop/Practicaredteam/EyeWitness/source/http.servidor10.cepsa.com.txt
http,80,sso.cepsa.com,Successful,/home/kali/Desktop/Practicaredteam/EyeWitness/screens/http.sso.cepsa.com.png,/home/kali/Desktop/Practicaredteam/EyeWitness/source/http.sso.cepsa.com.txt
http,80,aml.cepsa.com,Successful,/home/kali/Desktop/Practicaredteam/EyeWitness/screens/http.aml.cepsa.com.png,/home/kali/Desktop/Practicaredteam/EyeWitness/source/http.aml.cepsa.com.txt
http,80,permtvision.cepsa.com,Successful,/home/kali/Desktop/Practicaredteam/EyeWitness/screens/http.permtvision.cepsa.com.png,/home/kali/Desktop/Practicaredteam/EyeWitness/source/http.permtvision.cepsa.com.txt
http,80,app2.cepsa.com,Successful,/home/kali/Desktop/Practicaredteam/EyeWitness/screens/http.app2.cepsa.com.png,/home/kali/Desktop/Practicaredteam/EyeWitness/source/http.app2.cepsa.com.txt
http,80,pertodesi.cepsa.com,Timeout,/home/kali/Desktop/Practicaredteam/EyeWitness/screens/http.pertodesi.cepsa.com.png,/home/kali/Desktop/Practicaredteam/EyeWitness/source/http.pertodesi.cepsa.com.txt
http,80,gtm-dev.cepsa.com,BadStatus,/home/kali/Desktop/Practicaredteam/EyeWitness/screens/http.gtm-dev.cepsa.com.png,/home/kali/Desktop/Practicaredteam/EyeWitness/source/http.gtm-dev.cepsa.com.txt
http,80,gtm-qa.cepsa.com,BadStatus,/home/kali/Desktop/Practicaredteam/EyeWitness/screens/http.gtm-qa.cepsa.com.png,/home/kali/Desktop/Practicaredteam/EyeWitness/source/http.gtm-qa.cepsa.com.txt
http,80,dev.architecture.cepsa.com,Successful,/home/kali/Desktop/Practicaredteam/EyeWitness/screens/http.dev.architecture.cepsa.com.png,/home/kali/Desktop/Practicaredteam/EyeWitness/source/http.dev.architecture.cepsa.com.txt
http,80,architecture.cepsa.com,BadStatus,/home/kali/Desktop/Practicaredteam/EyeWitness/screens/http.architecture.cepsa.com.png,/home/kali/Desktop/Practicaredteam/EyeWitness/source/http.architecture.cepsa.com.txt
http,80,web.gtm-dev.cepsa.com,Successful,/home/kali/Desktop/Practicaredteam/EyeWitness/screens/http.web.gtm-dev.cepsa.com.png,/home/kali/Desktop/Practicaredteam/EyeWitness/source/http.web.gtm-dev.cepsa.com.txt
http,80,aml.cepsa.com,Successful,/home/kali/Desktop/Practicaredteam/EyeWitness/screens/http.aml.cepsa.com.png,/home/kali/Desktop/Practicaredteam/EyeWitness/source/http.aml.cepsa.com.txt
http,80,app2.cepsa.com,Successful,/home/kali/Desktop/Practicaredteam/EyeWitness/screens/http.app2.cepsa.com.png,/home/kali/Desktop/Practicaredteam/EyeWitness/source/http.app2.cepsa.com.txt
http,80,*.ayilbycepsa.com,BadStatus,/home/kali/Desktop/Practicaredteam/EyeWitness/screens/http.*.ayilbycepsa.com.png,/home/kali/Desktop/Practicaredteam/EyeWitness/source/http.*.ayilbycepsa.com.txt
http,80,botellacepsa.com,Timeout,/home/kali/Desktop/Practicaredteam/EyeWitness/screens/http.www.cepsa.es.png,/home/kali/Desktop/Practicaredteam/EyeWitness/source/http.botellacepsa.com.txt
http,80,*.campusdelaenergiafundacioncepsa.com,BadStatus,/home/kali/Desktop/Practicaredteam/EyeWitness/screens/http.*.campusdelaenergiafundacioncepsa.com.png,/home/kali/Desktop/Practicaredteam/EyeWitness/source/http.*.campusdelaenergiafundacioncepsa.com.txt
http,80,campusdelaenergiafundacioncepsa.com,Successful,/home/kali/Desktop/Practicaredteam/EyeWitness/screens/http.campusdelaenergiafundacioncepsa.com.png,/home/kali/Desktop/Practicaredteam/EyeWitness/source/http.campusdelaenergiafundacioncepsa.com.txt
http,80,*.cepsa.com,BadStatus,/home/kali/Desktop/Practicaredteam/EyeWitness/screens/http.*.cepsa.com.png,/home/kali/Desktop/Practicaredteam/EyeWitness/source/http.*.cepsa.com.txt
http,80,cepsa.com,Timeout,/home/kali/Desktop/Practicaredteam/EyeWitness/screens/http.cepsa.com.png,/home/kali/Desktop/Practicaredteam/EyeWitness/source/http.cepsa.com.txt
http,80,permtvision.cepsa.com,Successful,/home/kali/Desktop/Practicaredteam/EyeWitness/screens/http.permtvision.cepsa.com.png,/home/kali/Desktop/Practicaredteam/EyeWitness/source/http.permtvision.cepsa.com.txt
http,80,pertodesi.cepsa.com,Timeout,/home/kali/Desktop/Practicaredteam/EyeWitness/screens/http.pertodesi.cepsa.com.png,/home/kali/Desktop/Practicaredteam/EyeWitness/source/http.pertodesi.cepsa.com.txt
http,80,sso.cepsa.com,Successful,/home/kali/Desktop/Practicaredteam/EyeWitness/screens/http.sso.cepsa.com.png,/home/kali/Desktop/Practicaredteam/EyeWitness/source/http.sso.cepsa.com.txt
http,80,w012.cepsa.com,Timeout,/home/kali/Desktop/Practicaredteam/EyeWitness/screens/http.w012.cepsa.com.png,/home/kali/Desktop/Practicaredteam/EyeWitness/source/http.w012.cepsa.com.txt
http,80,www.botellacepsa.com,Timeout,/home/kali/Desktop/Practicaredteam/EyeWitness/screens/http.www.botellacepsa.com.png,/home/kali/Desktop/Practicaredteam/EyeWitness/source/http.www.botellacepsa.com.txt
http,80,www.fundacioncepsa.com,Successful,/home/kali/Desktop/Practicaredteam/EyeWitness/screens/http.www.fundacioncepsa.com.png,/home/kali/Desktop/Practicaredteam/EyeWitness/source/http.www.fundacioncepsa.com.txt
http,80,www.gasbutanocepsa.com,Timeout,/home/kali/Desktop/Practicaredteam/EyeWitness/screens/http.www.gasbutanocepsa.com.png,/home/kali/Desktop/Practicaredteam/EyeWitness/source/http.www.gasbutanocepsa.com.txt
http,80,www.gasoleocalefaccioncepsa.com,Successful,/home/kali/Desktop/Practicaredteam/EyeWitness/screens/http.www.gasoleocalefaccioncepsa.com.png,/home/kali/Desktop/Practicaredteam/EyeWitness/source/http.www.gasoleocalefaccioncepsa.com.txt
http,80,www.tiendacepsa.com,Successful,/home/kali/Desktop/Practicaredteam/EyeWitness/screens/http.tiendacepsa.es.png,/home/kali/Desktop/Practicaredteam/EyeWitness/source/http.www.tiendacepsa.com.txt
http,80,test.gtm-qa.cepsa.com,BadStatus,/home/kali/Desktop/Practicaredteam/EyeWitness/screens/http.test.gtm-qa.cepsa.com.png,/home/kali/Desktop/Practicaredteam/EyeWitness/source/http.test.gtm-qa.cepsa.com.txt
http,80,cepsa.com,Timeout,/home/kali/Desktop/Practicaredteam/EyeWitness/screens/http.cepsa.com.png,/home/kali/Desktop/Practicaredteam/EyeWitness/source/http.cepsa.com.txt
http,80,mcprod.cepsa.com,BadStatus,/home/kali/Desktop/Practicaredteam/EyeWitness/screens/http.mcprod.cepsa.com.png,/home/kali/Desktop/Practicaredteam/EyeWitness/source/http.mcprod.cepsa.com.txt
http,80,tiendacepsa.com,Successful,/home/kali/Desktop/Practicaredteam/EyeWitness/screens/http.tiendacepsa.es.png,/home/kali/Desktop/Practicaredteam/EyeWitness/source/http.tiendacepsa.com.txt
http,80,www.cepsa.com,Timeout,/home/kali/Desktop/Practicaredteam/EyeWitness/screens/http.www.cepsa.com.png,/home/kali/Desktop/Practicaredteam/EyeWitness/source/http.www.cepsa.com.txt
http,80,www.tiendacepsa.com,Successful,/home/kali/Desktop/Practicaredteam/EyeWitness/screens/http.tiendacepsa.es.png,/home/kali/Desktop/Practicaredteam/EyeWitness/source/http.www.tiendacepsa.com.txt
http,80,mcstaging.cepsa.com,BadStatus,/home/kali/Desktop/Practicaredteam/EyeWitness/screens/http.mcstaging.cepsa.com.png,/home/kali/Desktop/Practicaredteam/EyeWitness/source/http.mcstaging.cepsa.com.txt
http,80,aml.cepsa.com,Successful,/home/kali/Desktop/Practicaredteam/EyeWitness/screens/http.aml.cepsa.com.png,/home/kali/Desktop/Practicaredteam/EyeWitness/source/http.aml.cepsa.com.txt
http,80,app2.cepsa.com,Successful,/home/kali/Desktop/Practicaredteam/EyeWitness/screens/http.app2.cepsa.com.png,/home/kali/Desktop/Practicaredteam/EyeWitness/source/http.app2.cepsa.com.txt
http,80,*.ayilbycepsa.com,BadStatus,/home/kali/Desktop/Practicaredteam/EyeWitness/screens/http.*.ayilbycepsa.com.png,/home/kali/Desktop/Practicaredteam/EyeWitness/source/http.*.ayilbycepsa.com.txt
http,80,botellacepsa.com,Timeout,/home/kali/Desktop/Practicaredteam/EyeWitness/screens/http.www.cepsa.es.png,/home/kali/Desktop/Practicaredteam/EyeWitness/source/http.botellacepsa.com.txt
http,80,*.campusdelaenergiafundacioncepsa.com,BadStatus,/home/kali/Desktop/Practicaredteam/EyeWitness/screens/http.*.campusdelaenergiafundacioncepsa.com.png,/home/kali/Desktop/Practicaredteam/EyeWitness/source/http.*.campusdelaenergiafundacioncepsa.com.txt
http,80,*.cepsa.com,BadStatus,/home/kali/Desktop/Practicaredteam/EyeWitness/screens/http.*.cepsa.com.png,/home/kali/Desktop/Practicaredteam/EyeWitness/source/http.*.cepsa.com.txt
http,80,cepsa.com,Timeout,/home/kali/Desktop/Practicaredteam/EyeWitness/screens/http.cepsa.com.png,/home/kali/Desktop/Practicaredteam/EyeWitness/source/http.cepsa.com.txt
http,80,permtvision.cepsa.com,Successful,/home/kali/Desktop/Practicaredteam/EyeWitness/screens/http.permtvision.cepsa.com.png,/home/kali/Desktop/Practicaredteam/EyeWitness/source/http.permtvision.cepsa.com.txt
http,80,pertodesi.cepsa.com,Timeout,/home/kali/Desktop/Practicaredteam/EyeWitness/screens/http.pertodesi.cepsa.com.png,/home/kali/Desktop/Practicaredteam/EyeWitness/source/http.pertodesi.cepsa.com.txt
http,80,sso.cepsa.com,Successful,/home/kali/Desktop/Practicaredteam/EyeWitness/screens/http.sso.cepsa.com.png,/home/kali/Desktop/Practicaredteam/EyeWitness/source/http.sso.cepsa.com.txt
http,80,w012.cepsa.com,Timeout,/home/kali/Desktop/Practicaredteam/EyeWitness/screens/http.w012.cepsa.com.png,/home/kali/Desktop/Practicaredteam/EyeWitness/source/http.w012.cepsa.com.txt
http,80,www.botellacepsa.com,Timeout,/home/kali/Desktop/Practicaredteam/EyeWitness/screens/http.www.botellacepsa.com.png,/home/kali/Desktop/Practicaredteam/EyeWitness/source/http.www.botellacepsa.com.txt
http,80,www.fundacioncepsa.com,Timeout,/home/kali/Desktop/Practicaredteam/EyeWitness/screens/http.www.fundacioncepsa.com.png,/home/kali/Desktop/Practicaredteam/EyeWitness/source/http.www.fundacioncepsa.com.txt
http,80,www.gasbutanocepsa.com,Timeout,/home/kali/Desktop/Practicaredteam/EyeWitness/screens/http.www.gasbutanocepsa.com.png,/home/kali/Desktop/Practicaredteam/EyeWitness/source/http.www.gasbutanocepsa.com.txt
http,80,www.gasoleocalefaccioncepsa.com,Successful,/home/kali/Desktop/Practicaredteam/EyeWitness/screens/http.www.gasoleocalefaccioncepsa.com.png,/home/kali/Desktop/Practicaredteam/EyeWitness/source/http.www.gasoleocalefaccioncepsa.com.txt
http,80,www.tiendacepsa.com,Successful,/home/kali/Desktop/Practicaredteam/EyeWitness/screens/http.tiendacepsa.es.png,/home/kali/Desktop/Practicaredteam/EyeWitness/source/http.www.tiendacepsa.com.txt
http,80,vfintegration.cepsa.com,BadStatus,/home/kali/Desktop/Practicaredteam/EyeWitness/screens/http.vfintegration.cepsa.com.png,/home/kali/Desktop/Practicaredteam/EyeWitness/source/http.vfintegration.cepsa.com.txt
http,80,vfintegrationtest.cepsa.com,BadStatus,/home/kali/Desktop/Practicaredteam/EyeWitness/screens/http.vfintegrationtest.cepsa.com.png,/home/kali/Desktop/Practicaredteam/EyeWitness/source/http.vfintegrationtest.cepsa.com.txt
http,80,social.cepsa.com,Timeout,/home/kali/Desktop/Practicaredteam/EyeWitness/screens/http.social.cepsa.com.png,/home/kali/Desktop/Practicaredteam/EyeWitness/source/http.social.cepsa.com.txt
http,80,captiveportal-login.cepsa.com,BadStatus,/home/kali/Desktop/Practicaredteam/EyeWitness/screens/http.captiveportal-login.cepsa.com.png,/home/kali/Desktop/Practicaredteam/EyeWitness/source/http.captiveportal-login.cepsa.com.txt
http,80,cepsa.com,Timeout,/home/kali/Desktop/Practicaredteam/EyeWitness/screens/http.cepsa.com.png,/home/kali/Desktop/Practicaredteam/EyeWitness/source/http.cepsa.com.txt
http,80,cepsa.com,Timeout,/home/kali/Desktop/Practicaredteam/EyeWitness/screens/http.cepsa.com.png,/home/kali/Desktop/Practicaredteam/EyeWitness/source/http.cepsa.com.txt
http,80,servidor10.cepsa.com,Timeout,/home/kali/Desktop/Practicaredteam/EyeWitness/screens/http.servidor10.cepsa.com.png,/home/kali/Desktop/Practicaredteam/EyeWitness/source/http.servidor10.cepsa.com.txt
http,80,servidor11.cepsa.com,Timeout,/home/kali/Desktop/Practicaredteam/EyeWitness/screens/http.servidor11.cepsa.com.png,/home/kali/Desktop/Practicaredteam/EyeWitness/source/http.servidor11.cepsa.com.txt
http,80,sip.cepsa.com,Timeout,/home/kali/Desktop/Practicaredteam/EyeWitness/screens/http.sip.cepsa.com.png,/home/kali/Desktop/Practicaredteam/EyeWitness/source/http.sip.cepsa.com.txt
http,80,mtls.dev.architecture.cepsa.com,BadStatus,/home/kali/Desktop/Practicaredteam/EyeWitness/screens/http.mtls.dev.architecture.cepsa.com.png,/home/kali/Desktop/Practicaredteam/EyeWitness/source/http.mtls.dev.architecture.cepsa.com.txt
http,80,testapi.dev.architecture.cepsa.com,BadStatus,/home/kali/Desktop/Practicaredteam/EyeWitness/screens/http.testapi.dev.architecture.cepsa.com.png,/home/kali/Desktop/Practicaredteam/EyeWitness/source/http.testapi.dev.architecture.cepsa.com.txt
http,80,testapi-local-ca.dev.architecture.cepsa.com,BadStatus,/home/kali/Desktop/Practicaredteam/EyeWitness/screens/http.testapi-local-ca.dev.architecture.cepsa.com.png,/home/kali/Desktop/Practicaredteam/EyeWitness/source/http.testapi-local-ca.dev.architecture.cepsa.com.txt
http,80,ayilbycepsa.com,BadStatus,/home/kali/Desktop/Practicaredteam/EyeWitness/screens/http.ayilbycepsa.com.png,/home/kali/Desktop/Practicaredteam/EyeWitness/source/http.ayilbycepsa.com.txt
http,80,*.botellacepsa.com,BadStatus,/home/kali/Desktop/Practicaredteam/EyeWitness/screens/http.*.botellacepsa.com.png,/home/kali/Desktop/Practicaredteam/EyeWitness/source/http.*.botellacepsa.com.txt
http,80,botellacepsa.com,Timeout,/home/kali/Desktop/Practicaredteam/EyeWitness/screens/http.www.cepsa.es.png,/home/kali/Desktop/Practicaredteam/EyeWitness/source/http.botellacepsa.com.txt
http,80,*.campusdelaenergiafundacioncepsa.com,BadStatus,/home/kali/Desktop/Practicaredteam/EyeWitness/screens/http.*.campusdelaenergiafundacioncepsa.com.png,/home/kali/Desktop/Practicaredteam/EyeWitness/source/http.*.campusdelaenergiafundacioncepsa.com.txt
http,80,*.cepsa.com,BadStatus,/home/kali/Desktop/Practicaredteam/EyeWitness/screens/http.*.cepsa.com.png,/home/kali/Desktop/Practicaredteam/EyeWitness/source/http.*.cepsa.com.txt
http,80,cepsa.com,Timeout,/home/kali/Desktop/Practicaredteam/EyeWitness/screens/http.cepsa.com.png,/home/kali/Desktop/Practicaredteam/EyeWitness/source/http.cepsa.com.txt
http,80,*.fundacioncepsa.com,BadStatus,/home/kali/Desktop/Practicaredteam/EyeWitness/screens/http.*.fundacioncepsa.com.png,/home/kali/Desktop/Practicaredteam/EyeWitness/source/http.*.fundacioncepsa.com.txt
http,80,*.gasbutanocepsa.com,BadStatus,/home/kali/Desktop/Practicaredteam/EyeWitness/screens/http.*.gasbutanocepsa.com.png,/home/kali/Desktop/Practicaredteam/EyeWitness/source/http.*.gasbutanocepsa.com.txt
http,80,*.gasoleocalefaccioncepsa.com,BadStatus,/home/kali/Desktop/Practicaredteam/EyeWitness/screens/http.*.gasoleocalefaccioncepsa.com.png,/home/kali/Desktop/Practicaredteam/EyeWitness/source/http.*.gasoleocalefaccioncepsa.com.txt
http,80,*.tiendacepsa.com,BadStatus,/home/kali/Desktop/Practicaredteam/EyeWitness/screens/http.*.tiendacepsa.com.png,/home/kali/Desktop/Practicaredteam/EyeWitness/source/http.*.tiendacepsa.com.txt
http,80,outsourcing.cepsa.com,BadStatus,/home/kali/Desktop/Practicaredteam/EyeWitness/screens/http.outsourcing.cepsa.com.png,/home/kali/Desktop/Practicaredteam/EyeWitness/source/http.outsourcing.cepsa.com.txt
http,80,botellacepsa.com,Timeout,/home/kali/Desktop/Practicaredteam/EyeWitness/screens/http.www.cepsa.es.png,/home/kali/Desktop/Practicaredteam/EyeWitness/source/http.botellacepsa.com.txt
http,80,botellacepsa.com,Timeout,/home/kali/Desktop/Practicaredteam/EyeWitness/screens/http.www.cepsa.es.png,/home/kali/Desktop/Practicaredteam/EyeWitness/source/http.botellacepsa.com.txt
http,80,*.campusdelaenergiafundacioncepsa.com,BadStatus,/home/kali/Desktop/Practicaredteam/EyeWitness/screens/http.*.campusdelaenergiafundacioncepsa.com.png,/home/kali/Desktop/Practicaredteam/EyeWitness/source/http.*.campusdelaenergiafundacioncepsa.com.txt
http,80,*.cepsa.com,BadStatus,/home/kali/Desktop/Practicaredteam/EyeWitness/screens/http.*.cepsa.com.png,/home/kali/Desktop/Practicaredteam/EyeWitness/source/http.*.cepsa.com.txt
http,80,cepsa.com,Timeout,/home/kali/Desktop/Practicaredteam/EyeWitness/screens/http.cepsa.com.png,/home/kali/Desktop/Practicaredteam/EyeWitness/source/http.cepsa.com.txt
http,80,*.fundacioncepsa.com,BadStatus,/home/kali/Desktop/Practicaredteam/EyeWitness/screens/http.*.fundacioncepsa.com.png,/home/kali/Desktop/Practicaredteam/EyeWitness/source/http.*.fundacioncepsa.com.txt
http,80,*.gasbutanocepsa.com,BadStatus,/home/kali/Desktop/Practicaredteam/EyeWitness/screens/http.*.gasbutanocepsa.com.png,/home/kali/Desktop/Practicaredteam/EyeWitness/source/http.*.gasbutanocepsa.com.txt
http,80,*.gasoleocalefaccioncepsa.com,BadStatus,/home/kali/Desktop/Practicaredteam/EyeWitness/screens/http.*.gasoleocalefaccioncepsa.com.png,/home/kali/Desktop/Practicaredteam/EyeWitness/source/http.*.gasoleocalefaccioncepsa.com.txt
http,80,*.tiendacepsa.com,BadStatus,/home/kali/Desktop/Practicaredteam/EyeWitness/screens/http.*.tiendacepsa.com.png,/home/kali/Desktop/Practicaredteam/EyeWitness/source/http.*.tiendacepsa.com.txt
http,80,assetdashboard.cepsa.com,BadStatus,/home/kali/Desktop/Practicaredteam/EyeWitness/screens/http.assetdashboard.cepsa.com.png,/home/kali/Desktop/Practicaredteam/EyeWitness/source/http.assetdashboard.cepsa.com.txt
http,80,assetdashboard.cepsa.com,BadStatus,/home/kali/Desktop/Practicaredteam/EyeWitness/screens/http.assetdashboard.cepsa.com.png,/home/kali/Desktop/Practicaredteam/EyeWitness/source/http.assetdashboard.cepsa.com.txt
http,80,cepsa.com,Timeout,/home/kali/Desktop/Practicaredteam/EyeWitness/screens/http.cepsa.com.png,/home/kali/Desktop/Practicaredteam/EyeWitness/source/http.cepsa.com.txt
http,80,mcprod.cepsa.com,BadStatus,/home/kali/Desktop/Practicaredteam/EyeWitness/screens/http.mcprod.cepsa.com.png,/home/kali/Desktop/Practicaredteam/EyeWitness/source/http.mcprod.cepsa.com.txt
http,80,www.cepsa.com,Timeout,/home/kali/Desktop/Practicaredteam/EyeWitness/screens/http.www.cepsa.com.png,/home/kali/Desktop/Practicaredteam/EyeWitness/source/http.www.cepsa.com.txt
http,80,www.tiendacepsa.com,Successful,/home/kali/Desktop/Practicaredteam/EyeWitness/screens/http.tiendacepsa.es.png,/home/kali/Desktop/Practicaredteam/EyeWitness/source/http.www.tiendacepsa.com.txt
http,80,cepsa.com,Timeout,/home/kali/Desktop/Practicaredteam/EyeWitness/screens/http.cepsa.com.png,/home/kali/Desktop/Practicaredteam/EyeWitness/source/http.cepsa.com.txt
http,80,mcprod.cepsa.com,BadStatus,/home/kali/Desktop/Practicaredteam/EyeWitness/screens/http.mcprod.cepsa.com.png,/home/kali/Desktop/Practicaredteam/EyeWitness/source/http.mcprod.cepsa.com.txt
http,80,www.cepsa.com,Timeout,/home/kali/Desktop/Practicaredteam/EyeWitness/screens/http.www.cepsa.com.png,/home/kali/Desktop/Practicaredteam/EyeWitness/source/http.www.cepsa.com.txt
http,80,botellacepsa.com,Timeout,/home/kali/Desktop/Practicaredteam/EyeWitness/screens/http.www.cepsa.es.png,/home/kali/Desktop/Practicaredteam/EyeWitness/source/http.botellacepsa.com.txt
http,80,botellacepsa.com,Successful,/home/kali/Desktop/Practicaredteam/EyeWitness/screens/http.www.cepsa.es.png,/home/kali/Desktop/Practicaredteam/EyeWitness/source/http.botellacepsa.com.txt
http,80,*.campusdelaenergiafundacioncepsa.com,BadStatus,/home/kali/Desktop/Practicaredteam/EyeWitness/screens/http.*.campusdelaenergiafundacioncepsa.com.png,/home/kali/Desktop/Practicaredteam/EyeWitness/source/http.*.campusdelaenergiafundacioncepsa.com.txt
http,80,*.cepsa.com,BadStatus,/home/kali/Desktop/Practicaredteam/EyeWitness/screens/http.*.cepsa.com.png,/home/kali/Desktop/Practicaredteam/EyeWitness/source/http.*.cepsa.com.txt
http,80,cepsa.com,Timeout,/home/kali/Desktop/Practicaredteam/EyeWitness/screens/http.cepsa.com.png,/home/kali/Desktop/Practicaredteam/EyeWitness/source/http.cepsa.com.txt
http,80,*.ecobluecepsa.com,BadStatus,/home/kali/Desktop/Practicaredteam/EyeWitness/screens/http.*.ecobluecepsa.com.png,/home/kali/Desktop/Practicaredteam/EyeWitness/source/http.*.ecobluecepsa.com.txt
http,80,*.fundacioncepsa.com,BadStatus,/home/kali/Desktop/Practicaredteam/EyeWitness/screens/http.*.fundacioncepsa.com.png,/home/kali/Desktop/Practicaredteam/EyeWitness/source/http.*.fundacioncepsa.com.txt
http,80,*.garrafacepsa.com,BadStatus,/home/kali/Desktop/Practicaredteam/EyeWitness/screens/http.*.garrafacepsa.com.png,/home/kali/Desktop/Practicaredteam/EyeWitness/source/http.*.garrafacepsa.com.txt
http,80,*.gasbutanocepsa.com,BadStatus,/home/kali/Desktop/Practicaredteam/EyeWitness/screens/http.*.gasbutanocepsa.com.png,/home/kali/Desktop/Practicaredteam/EyeWitness/source/http.*.gasbutanocepsa.com.txt
http,80,*.gasoleocalefaccioncepsa.com,BadStatus,/home/kali/Desktop/Practicaredteam/EyeWitness/screens/http.*.gasoleocalefaccioncepsa.com.png,/home/kali/Desktop/Practicaredteam/EyeWitness/source/http.*.gasoleocalefaccioncepsa.com.txt
http,80,*.oleumcepsa.com,BadStatus,/home/kali/Desktop/Practicaredteam/EyeWitness/screens/http.*.oleumcepsa.com.png,/home/kali/Desktop/Practicaredteam/EyeWitness/source/http.*.oleumcepsa.com.txt
http,80,*.tiendacepsa.com,BadStatus,/home/kali/Desktop/Practicaredteam/EyeWitness/screens/http.*.tiendacepsa.com.png,/home/kali/Desktop/Practicaredteam/EyeWitness/source/http.*.tiendacepsa.com.txt
http,80,botellacepsa.com,Timeout,/home/kali/Desktop/Practicaredteam/EyeWitness/screens/http.www.cepsa.es.png,/home/kali/Desktop/Practicaredteam/EyeWitness/source/http.botellacepsa.com.txt
http,80,botellacepsa.com,Timeout,/home/kali/Desktop/Practicaredteam/EyeWitness/screens/http.www.cepsa.es.png,/home/kali/Desktop/Practicaredteam/EyeWitness/source/http.botellacepsa.com.txt
http,80,*.cepsa.com,BadStatus,/home/kali/Desktop/Practicaredteam/EyeWitness/screens/http.*.cepsa.com.png,/home/kali/Desktop/Practicaredteam/EyeWitness/source/http.*.cepsa.com.txt
http,80,cepsa.com,Timeout,/home/kali/Desktop/Practicaredteam/EyeWitness/screens/http.cepsa.com.png,/home/kali/Desktop/Practicaredteam/EyeWitness/source/http.cepsa.com.txt
http,80,*.ecobluecepsa.com,BadStatus,/home/kali/Desktop/Practicaredteam/EyeWitness/screens/http.*.ecobluecepsa.com.png,/home/kali/Desktop/Practicaredteam/EyeWitness/source/http.*.ecobluecepsa.com.txt
http,80,*.fundacioncepsa.com,BadStatus,/home/kali/Desktop/Practicaredteam/EyeWitness/screens/http.*.fundacioncepsa.com.png,/home/kali/Desktop/Practicaredteam/EyeWitness/source/http.*.fundacioncepsa.com.txt
http,80,*.garrafacepsa.com,BadStatus,/home/kali/Desktop/Practicaredteam/EyeWitness/screens/http.*.garrafacepsa.com.png,/home/kali/Desktop/Practicaredteam/EyeWitness/source/http.*.garrafacepsa.com.txt
http,80,*.gasbutanocepsa.com,BadStatus,/home/kali/Desktop/Practicaredteam/EyeWitness/screens/http.*.gasbutanocepsa.com.png,/home/kali/Desktop/Practicaredteam/EyeWitness/source/http.*.gasbutanocepsa.com.txt
http,80,*.gasoleocalefaccioncepsa.com,BadStatus,/home/kali/Desktop/Practicaredteam/EyeWitness/screens/http.*.gasoleocalefaccioncepsa.com.png,/home/kali/Desktop/Practicaredteam/EyeWitness/source/http.*.gasoleocalefaccioncepsa.com.txt
http,80,*.oleumcepsa.com,BadStatus,/home/kali/Desktop/Practicaredteam/EyeWitness/screens/http.*.oleumcepsa.com.png,/home/kali/Desktop/Practicaredteam/EyeWitness/source/http.*.oleumcepsa.com.txt
http,80,*.tiendacepsa.com,BadStatus,/home/kali/Desktop/Practicaredteam/EyeWitness/screens/http.*.tiendacepsa.com.png,/home/kali/Desktop/Practicaredteam/EyeWitness/source/http.*.tiendacepsa.com.txt
http,80,cepsa.com,Timeout,/home/kali/Desktop/Practicaredteam/EyeWitness/screens/http.cepsa.com.png,/home/kali/Desktop/Practicaredteam/EyeWitness/source/http.cepsa.com.txt
http,80,cepsa.com,Timeout,/home/kali/Desktop/Practicaredteam/EyeWitness/screens/http.cepsa.com.png,/home/kali/Desktop/Practicaredteam/EyeWitness/source/http.cepsa.com.txt
http,80,*.ecobluecepsa.com,BadStatus,/home/kali/Desktop/Practicaredteam/EyeWitness/screens/http.*.ecobluecepsa.com.png,/home/kali/Desktop/Practicaredteam/EyeWitness/source/http.*.ecobluecepsa.com.txt
http,80,*.fundacioncepsa.com,BadStatus,/home/kali/Desktop/Practicaredteam/EyeWitness/screens/http.*.fundacioncepsa.com.png,/home/kali/Desktop/Practicaredteam/EyeWitness/source/http.*.fundacioncepsa.com.txt
http,80,*.garrafacepsa.com,BadStatus,/home/kali/Desktop/Practicaredteam/EyeWitness/screens/http.*.garrafacepsa.com.png,/home/kali/Desktop/Practicaredteam/EyeWitness/source/http.*.garrafacepsa.com.txt
http,80,*.gasbutanocepsa.com,BadStatus,/home/kali/Desktop/Practicaredteam/EyeWitness/screens/http.*.gasbutanocepsa.com.png,/home/kali/Desktop/Practicaredteam/EyeWitness/source/http.*.gasbutanocepsa.com.txt
http,80,*.gasoleocalefaccioncepsa.com,BadStatus,/home/kali/Desktop/Practicaredteam/EyeWitness/screens/http.*.gasoleocalefaccioncepsa.com.png,/home/kali/Desktop/Practicaredteam/EyeWitness/source/http.*.gasoleocalefaccioncepsa.com.txt
http,80,*.oleumcepsa.com,BadStatus,/home/kali/Desktop/Practicaredteam/EyeWitness/screens/http.*.oleumcepsa.com.png,/home/kali/Desktop/Practicaredteam/EyeWitness/source/http.*.oleumcepsa.com.txt
http,80,*.tiendacepsa.com,BadStatus,/home/kali/Desktop/Practicaredteam/EyeWitness/screens/http.*.tiendacepsa.com.png,/home/kali/Desktop/Practicaredteam/EyeWitness/source/http.*.tiendacepsa.com.txt
http,80,botellacepsa.com,Timeout,/home/kali/Desktop/Practicaredteam/EyeWitness/screens/http.www.cepsa.es.png,/home/kali/Desktop/Practicaredteam/EyeWitness/source/http.botellacepsa.com.txt
http,80,*.cepsa.com,BadStatus,/home/kali/Desktop/Practicaredteam/EyeWitness/screens/http.*.cepsa.com.png,/home/kali/Desktop/Practicaredteam/EyeWitness/source/http.*.cepsa.com.txt
http,80,cepsa.com,Timeout,/home/kali/Desktop/Practicaredteam/EyeWitness/screens/http.cepsa.com.png,/home/kali/Desktop/Practicaredteam/EyeWitness/source/http.cepsa.com.txt
http,80,*.ecobluecepsa.com,BadStatus,/home/kali/Desktop/Practicaredteam/EyeWitness/screens/http.*.ecobluecepsa.com.png,/home/kali/Desktop/Practicaredteam/EyeWitness/source/http.*.ecobluecepsa.com.txt
http,80,*.fundacioncepsa.com,BadStatus,/home/kali/Desktop/Practicaredteam/EyeWitness/screens/http.*.fundacioncepsa.com.png,/home/kali/Desktop/Practicaredteam/EyeWitness/source/http.*.fundacioncepsa.com.txt
http,80,*.garrafacepsa.com,BadStatus,/home/kali/Desktop/Practicaredteam/EyeWitness/screens/http.*.garrafacepsa.com.png,/home/kali/Desktop/Practicaredteam/EyeWitness/source/http.*.garrafacepsa.com.txt
http,80,*.gasbutanocepsa.com,BadStatus,/home/kali/Desktop/Practicaredteam/EyeWitness/screens/http.*.gasbutanocepsa.com.png,/home/kali/Desktop/Practicaredteam/EyeWitness/source/http.*.gasbutanocepsa.com.txt
http,80,*.gasoleocalefaccioncepsa.com,BadStatus,/home/kali/Desktop/Practicaredteam/EyeWitness/screens/http.*.gasoleocalefaccioncepsa.com.png,/home/kali/Desktop/Practicaredteam/EyeWitness/source/http.*.gasoleocalefaccioncepsa.com.txt
http,80,*.oleumcepsa.com,BadStatus,/home/kali/Desktop/Practicaredteam/EyeWitness/screens/http.*.oleumcepsa.com.png,/home/kali/Desktop/Practicaredteam/EyeWitness/source/http.*.oleumcepsa.com.txt
http,80,*.tiendacepsa.com,BadStatus,/home/kali/Desktop/Practicaredteam/EyeWitness/screens/http.*.tiendacepsa.com.png,/home/kali/Desktop/Practicaredteam/EyeWitness/source/http.*.tiendacepsa.com.txt
http,80,botellacepsa.com,Timeout,/home/kali/Desktop/Practicaredteam/EyeWitness/screens/http.www.cepsa.es.png,/home/kali/Desktop/Practicaredteam/EyeWitness/source/http.botellacepsa.com.txt
http,80,*.cepsa.com,BadStatus,/home/kali/Desktop/Practicaredteam/EyeWitness/screens/http.*.cepsa.com.png,/home/kali/Desktop/Practicaredteam/EyeWitness/source/http.*.cepsa.com.txt
http,80,cepsa.com,Timeout,/home/kali/Desktop/Practicaredteam/EyeWitness/screens/http.cepsa.com.png,/home/kali/Desktop/Practicaredteam/EyeWitness/source/http.cepsa.com.txt
http,80,*.ecobluecepsa.com,BadStatus,/home/kali/Desktop/Practicaredteam/EyeWitness/screens/http.*.ecobluecepsa.com.png,/home/kali/Desktop/Practicaredteam/EyeWitness/source/http.*.ecobluecepsa.com.txt
http,80,*.fundacioncepsa.com,BadStatus,/home/kali/Desktop/Practicaredteam/EyeWitness/screens/http.*.fundacioncepsa.com.png,/home/kali/Desktop/Practicaredteam/EyeWitness/source/http.*.fundacioncepsa.com.txt
http,80,*.garrafacepsa.com,BadStatus,/home/kali/Desktop/Practicaredteam/EyeWitness/screens/http.*.garrafacepsa.com.png,/home/kali/Desktop/Practicaredteam/EyeWitness/source/http.*.garrafacepsa.com.txt
http,80,*.gasbutanocepsa.com,BadStatus,/home/kali/Desktop/Practicaredteam/EyeWitness/screens/http.*.gasbutanocepsa.com.png,/home/kali/Desktop/Practicaredteam/EyeWitness/source/http.*.gasbutanocepsa.com.txt
http,80,*.oleumcepsa.com,BadStatus,/home/kali/Desktop/Practicaredteam/EyeWitness/screens/http.*.oleumcepsa.com.png,/home/kali/Desktop/Practicaredteam/EyeWitness/source/http.*.oleumcepsa.com.txt
http,80,*.tiendacepsa.com,BadStatus,/home/kali/Desktop/Practicaredteam/EyeWitness/screens/http.*.tiendacepsa.com.png,/home/kali/Desktop/Practicaredteam/EyeWitness/source/http.*.tiendacepsa.com.txt
http,80,cepsa.com,Timeout,/home/kali/Desktop/Practicaredteam/EyeWitness/screens/http.cepsa.com.png,/home/kali/Desktop/Practicaredteam/EyeWitness/source/http.cepsa.com.txt
http,80,cepsa.com,Timeout,/home/kali/Desktop/Practicaredteam/EyeWitness/screens/http.cepsa.com.png,/home/kali/Desktop/Practicaredteam/EyeWitness/source/http.cepsa.com.txt
http,80,*.ecobluecepsa.com,BadStatus,/home/kali/Desktop/Practicaredteam/EyeWitness/screens/http.*.ecobluecepsa.com.png,/home/kali/Desktop/Practicaredteam/EyeWitness/source/http.*.ecobluecepsa.com.txt
http,80,*.fundacioncepsa.com,BadStatus,/home/kali/Desktop/Practicaredteam/EyeWitness/screens/http.*.fundacioncepsa.com.png,/home/kali/Desktop/Practicaredteam/EyeWitness/source/http.*.fundacioncepsa.com.txt
http,80,*.garrafacepsa.com,BadStatus,/home/kali/Desktop/Practicaredteam/EyeWitness/screens/http.*.garrafacepsa.com.png,/home/kali/Desktop/Practicaredteam/EyeWitness/source/http.*.garrafacepsa.com.txt
http,80,*.gasbutanocepsa.com,BadStatus,/home/kali/Desktop/Practicaredteam/EyeWitness/screens/http.*.gasbutanocepsa.com.png,/home/kali/Desktop/Practicaredteam/EyeWitness/source/http.*.gasbutanocepsa.com.txt
http,80,*.oleumcepsa.com,BadStatus,/home/kali/Desktop/Practicaredteam/EyeWitness/screens/http.*.oleumcepsa.com.png,/home/kali/Desktop/Practicaredteam/EyeWitness/source/http.*.oleumcepsa.com.txt
http,80,*.tiendacepsa.com,BadStatus,/home/kali/Desktop/Practicaredteam/EyeWitness/screens/http.*.tiendacepsa.com.png,/home/kali/Desktop/Practicaredteam/EyeWitness/source/http.*.tiendacepsa.com.txt
http,80,cepsa.com,Timeout,/home/kali/Desktop/Practicaredteam/EyeWitness/screens/http.cepsa.com.png,/home/kali/Desktop/Practicaredteam/EyeWitness/source/http.cepsa.com.txt
http,80,cepsa.com,Timeout,/home/kali/Desktop/Practicaredteam/EyeWitness/screens/http.cepsa.com.png,/home/kali/Desktop/Practicaredteam/EyeWitness/source/http.cepsa.com.txt
http,80,*.ecobluecepsa.com,BadStatus,/home/kali/Desktop/Practicaredteam/EyeWitness/screens/http.*.ecobluecepsa.com.png,/home/kali/Desktop/Practicaredteam/EyeWitness/source/http.*.ecobluecepsa.com.txt
http,80,*.gasbutanocepsa.com,BadStatus,/home/kali/Desktop/Practicaredteam/EyeWitness/screens/http.*.gasbutanocepsa.com.png,/home/kali/Desktop/Practicaredteam/EyeWitness/source/http.*.gasbutanocepsa.com.txt
http,80,*.oleumcepsa.com,BadStatus,/home/kali/Desktop/Practicaredteam/EyeWitness/screens/http.*.oleumcepsa.com.png,/home/kali/Desktop/Practicaredteam/EyeWitness/source/http.*.oleumcepsa.com.txt
http,80,*.tiendacepsa.com,BadStatus,/home/kali/Desktop/Practicaredteam/EyeWitness/screens/http.*.tiendacepsa.com.png,/home/kali/Desktop/Practicaredteam/EyeWitness/source/http.*.tiendacepsa.com.txt
http,80,cepsa.com,Timeout,/home/kali/Desktop/Practicaredteam/EyeWitness/screens/http.cepsa.com.png,/home/kali/Desktop/Practicaredteam/EyeWitness/source/http.cepsa.com.txt
http,80,cepsa.com,Timeout,/home/kali/Desktop/Practicaredteam/EyeWitness/screens/http.cepsa.com.png,/home/kali/Desktop/Practicaredteam/EyeWitness/source/http.cepsa.com.txt
http,80,*.tiendacepsa.com,BadStatus,/home/kali/Desktop/Practicaredteam/EyeWitness/screens/http.*.tiendacepsa.com.png,/home/kali/Desktop/Practicaredteam/EyeWitness/source/http.*.tiendacepsa.com.txt
http,80,cloudfront.assetdashboard.cepsa.com,BadStatus,/home/kali/Desktop/Practicaredteam/EyeWitness/screens/http.cloudfront.assetdashboard.cepsa.com.png,/home/kali/Desktop/Practicaredteam/EyeWitness/source/http.cloudfront.assetdashboard.cepsa.com.txt
http,80,cepsa.com,Timeout,/home/kali/Desktop/Practicaredteam/EyeWitness/screens/http.diego.lopez@cepsa.com.png,/home/kali/Desktop/Practicaredteam/EyeWitness/source/http.diego.lopez@cepsa.com.txt
http,80,c2s.cepsa.com,Successful,/home/kali/Desktop/Practicaredteam/EyeWitness/screens/http.c2s.cepsa.com.png,/home/kali/Desktop/Practicaredteam/EyeWitness/source/http.c2s.cepsa.com.txt
http,80,cepsa.com,Timeout,/home/kali/Desktop/Practicaredteam/EyeWitness/screens/http.rafael.hernandez@cepsa.com.png,/home/kali/Desktop/Practicaredteam/EyeWitness/source/http.rafael.hernandez@cepsa.com.txt
http,80,mdm_vodafone.cepsa.com,BadStatus,/home/kali/Desktop/Practicaredteam/EyeWitness/screens/http.mdm_vodafone.cepsa.com.png,/home/kali/Desktop/Practicaredteam/EyeWitness/source/http.mdm_vodafone.cepsa.com.txt
http,80,viajes.cepsa.com,BadStatus,/home/kali/Desktop/Practicaredteam/EyeWitness/screens/http.viajes.cepsa.com.png,/home/kali/Desktop/Practicaredteam/EyeWitness/source/http.viajes.cepsa.com.txt
http,80,w012.cepsa.com,Timeout,/home/kali/Desktop/Practicaredteam/EyeWitness/screens/http.w012.cepsa.com.png,/home/kali/Desktop/Practicaredteam/EyeWitness/source/http.w012.cepsa.com.txt
http,80,re.deventing.com,Successful,/home/kali/Desktop/Practicaredteam/EyeWitness/screens/http.re.deventing.com.png,/home/kali/Desktop/Practicaredteam/EyeWitness/source/http.re.deventing.com.txt
http,80,www.cepsa.es,Timeout,/home/kali/Desktop/Practicaredteam/EyeWitness/screens/http.www.cepsa.es.png,/home/kali/Desktop/Practicaredteam/EyeWitness/source/http.www.cepsa.es.txt
http,80,services.endolanpika.com,Successful,/home/kali/Desktop/Practicaredteam/EyeWitness/screens/http.immo.anpowie.com.png,/home/kali/Desktop/Practicaredteam/EyeWitness/source/http.services.endolanpika.com.txt
http,80,premiumlink.online,Successful,/home/kali/Desktop/Practicaredteam/EyeWitness/screens/http.premiumlink.online.png,/home/kali/Desktop/Practicaredteam/EyeWitness/source/http.premiumlink.online.txt
http,80,www.cepsa.com,Timeout,/home/kali/Desktop/Practicaredteam/EyeWitness/screens/http.www.cepsa.com.png,/home/kali/Desktop/Practicaredteam/EyeWitness/source/http.www.cepsa.com.txt
http,80,click.mktcsf.net,Successful,/home/kali/Desktop/Practicaredteam/EyeWitness/screens/http.click.mktcsf.pt.png,/home/kali/Desktop/Practicaredteam/EyeWitness/source/http.click.mktcsf.net.txt
http,80,ads.adsmaniac.pl,Successful,/home/kali/Desktop/Practicaredteam/EyeWitness/screens/http.ads.adsmaniac.pl.png,/home/kali/Desktop/Practicaredteam/EyeWitness/source/http.ads.adsmaniac.pl.txt
http,80,grupogaray.es,Timeout,/home/kali/Desktop/Practicaredteam/EyeWitness/screens/http.grupogaray.es.png,/home/kali/Desktop/Practicaredteam/EyeWitness/source/http.grupogaray.es.txt
http,80,immo.anpowie.com,Successful,/home/kali/Desktop/Practicaredteam/EyeWitness/screens/http.immo.anpowie.com.png,/home/kali/Desktop/Practicaredteam/EyeWitness/source/http.immo.anpowie.com.txt
http,80,fundacion.cepsa.com,Timeout,/home/kali/Desktop/Practicaredteam/EyeWitness/screens/http.fundacion.cepsa.com.png,/home/kali/Desktop/Practicaredteam/EyeWitness/source/http.fundacion.cepsa.com.txt
http,80,www0.cepsa.com,Timeout,/home/kali/Desktop/Practicaredteam/EyeWitness/screens/http.www0.cepsa.com.png,/home/kali/Desktop/Practicaredteam/EyeWitness/source/http.www0.cepsa.com.txt
http,80,cepsa.com,Timeout,/home/kali/Desktop/Practicaredteam/EyeWitness/screens/http.cepsa.com.png,/home/kali/Desktop/Practicaredteam/EyeWitness/source/http.cepsa.com.txt
http,80,webexpress.retarus.com,Successful,/home/kali/Desktop/Practicaredteam/EyeWitness/screens/http.webexpress.retarus.com.png,/home/kali/Desktop/Practicaredteam/EyeWitness/source/http.webexpress.retarus.com.txt
http,80,www.porquetuvuelves.com,Timeout,/home/kali/Desktop/Practicaredteam/EyeWitness/screens/http.www.porquetuvuelves.com.png,/home/kali/Desktop/Practicaredteam/EyeWitness/source/http.www.porquetuvuelves.com.txt
http,80,oleumcepsa.com,BadStatus,/home/kali/Desktop/Practicaredteam/EyeWitness/screens/http.oleumcepsa.com.png,/home/kali/Desktop/Practicaredteam/EyeWitness/source/http.oleumcepsa.com.txt
http,80,cepsa.es,Timeout,/home/kali/Desktop/Practicaredteam/EyeWitness/screens/http.cepsa.es.png,/home/kali/Desktop/Practicaredteam/EyeWitness/source/http.cepsa.es.txt
http,80,cepsa.es,Timeout,/home/kali/Desktop/Practicaredteam/EyeWitness/screens/http.cepsa.es.png,/home/kali/Desktop/Practicaredteam/EyeWitness/source/http.cepsa.es.txt
http,80,cepsa.es,Timeout,/home/kali/Desktop/Practicaredteam/EyeWitness/screens/http.cepsa.es.png,/home/kali/Desktop/Practicaredteam/EyeWitness/source/http.cepsa.es.txt
http,80,www.botellacepsa.es,Timeout,/home/kali/Desktop/Practicaredteam/EyeWitness/screens/http.www.botellacepsa.es.png,/home/kali/Desktop/Practicaredteam/EyeWitness/source/http.www.botellacepsa.es.txt
http,80,www.tiendacepsa.es,Successful,/home/kali/Desktop/Practicaredteam/EyeWitness/screens/http.mcprod.cepsa.es.png,/home/kali/Desktop/Practicaredteam/EyeWitness/source/http.www.tiendacepsa.es.txt
http,80,mcprod.cepsa.es,Successful,/home/kali/Desktop/Practicaredteam/EyeWitness/screens/http.mcprod.cepsa.es.png,/home/kali/Desktop/Practicaredteam/EyeWitness/source/http.mcprod.cepsa.es.txt
http,80,mcstaging.cepsa.es,Successful,/home/kali/Desktop/Practicaredteam/EyeWitness/screens/http.mcstaging.cepsa.es.png,/home/kali/Desktop/Practicaredteam/EyeWitness/source/http.mcstaging.cepsa.es.txt
http,80,cepsa.es,Timeout,/home/kali/Desktop/Practicaredteam/EyeWitness/screens/http.cepsa.es.png,/home/kali/Desktop/Practicaredteam/EyeWitness/source/http.cepsa.es.txt
http,80,cepsa.es,Timeout,/home/kali/Desktop/Practicaredteam/EyeWitness/screens/http.cepsa.es.png,/home/kali/Desktop/Practicaredteam/EyeWitness/source/http.cepsa.es.txt
http,80,www.botellacepsa.es,Timeout,/home/kali/Desktop/Practicaredteam/EyeWitness/screens/http.www.botellacepsa.es.png,/home/kali/Desktop/Practicaredteam/EyeWitness/source/http.www.botellacepsa.es.txt
http,80,www.fundacioncepsa.es,Timeout,/home/kali/Desktop/Practicaredteam/EyeWitness/screens/http.www.fundacioncepsa.es.png,/home/kali/Desktop/Practicaredteam/EyeWitness/source/http.www.fundacioncepsa.es.txt
http,80,www.tiendacepsa.es,Successful,/home/kali/Desktop/Practicaredteam/EyeWitness/screens/http.mcprod.cepsa.es.png,/home/kali/Desktop/Practicaredteam/EyeWitness/source/http.www.tiendacepsa.es.txt
http,80,cepsa.es,Timeout,/home/kali/Desktop/Practicaredteam/EyeWitness/screens/http.cepsa.es.png,/home/kali/Desktop/Practicaredteam/EyeWitness/source/http.cepsa.es.txt
http,80,cepsa.es,Timeout,/home/kali/Desktop/Practicaredteam/EyeWitness/screens/http.cepsa.es.png,/home/kali/Desktop/Practicaredteam/EyeWitness/source/http.cepsa.es.txt
http,80,18xdeti-12345-1d.cepsa.es,BadStatus,/home/kali/Desktop/Practicaredteam/EyeWitness/screens/http.18xdeti-12345-1d.cepsa.es.png,/home/kali/Desktop/Practicaredteam/EyeWitness/source/http.18xdeti-12345-1d.cepsa.es.txt
http,80,botellacepsa.es,Timeout,/home/kali/Desktop/Practicaredteam/EyeWitness/screens/http.botellacepsa.es.png,/home/kali/Desktop/Practicaredteam/EyeWitness/source/http.botellacepsa.es.txt
http,80,*.cepsa.es,BadStatus,/home/kali/Desktop/Practicaredteam/EyeWitness/screens/http.*.cepsa.es.png,/home/kali/Desktop/Practicaredteam/EyeWitness/source/http.*.cepsa.es.txt
http,80,cepsa.es,Timeout,/home/kali/Desktop/Practicaredteam/EyeWitness/screens/http.cepsa.es.png,/home/kali/Desktop/Practicaredteam/EyeWitness/source/http.cepsa.es.txt
http,80,*.fundacioncepsa.es,BadStatus,/home/kali/Desktop/Practicaredteam/EyeWitness/screens/http.*.fundacioncepsa.es.png,/home/kali/Desktop/Practicaredteam/EyeWitness/source/http.*.fundacioncepsa.es.txt
http,80,*.tiendacepsa.es,BadStatus,/home/kali/Desktop/Practicaredteam/EyeWitness/screens/http.*.tiendacepsa.es.png,/home/kali/Desktop/Practicaredteam/EyeWitness/source/http.*.tiendacepsa.es.txt
http,80,cercadeti.cepsa.es,Timeout,/home/kali/Desktop/Practicaredteam/EyeWitness/screens/http.cercadeti.cepsa.es.png,/home/kali/Desktop/Practicaredteam/EyeWitness/source/http.cercadeti.cepsa.es.txt
http,80,botellacepsa.es,Timeout,/home/kali/Desktop/Practicaredteam/EyeWitness/screens/http.botellacepsa.es.png,/home/kali/Desktop/Practicaredteam/EyeWitness/source/http.botellacepsa.es.txt
http,80,*.cepsa.es,BadStatus,/home/kali/Desktop/Practicaredteam/EyeWitness/screens/http.*.cepsa.es.png,/home/kali/Desktop/Practicaredteam/EyeWitness/source/http.*.cepsa.es.txt
http,80,cepsa.es,Timeout,/home/kali/Desktop/Practicaredteam/EyeWitness/screens/http.cepsa.es.png,/home/kali/Desktop/Practicaredteam/EyeWitness/source/http.cepsa.es.txt
http,80,*.fundacioncepsa.es,BadStatus,/home/kali/Desktop/Practicaredteam/EyeWitness/screens/http.*.fundacioncepsa.es.png,/home/kali/Desktop/Practicaredteam/EyeWitness/source/http.*.fundacioncepsa.es.txt
http,80,cepsa.es,Timeout,/home/kali/Desktop/Practicaredteam/EyeWitness/screens/http.cepsa.es.png,/home/kali/Desktop/Practicaredteam/EyeWitness/source/http.cepsa.es.txt
http,80,cepsa.es,Timeout,/home/kali/Desktop/Practicaredteam/EyeWitness/screens/http.cepsa.es.png,/home/kali/Desktop/Practicaredteam/EyeWitness/source/http.cepsa.es.txt
http,80,*.fundacioncepsa.es,BadStatus,/home/kali/Desktop/Practicaredteam/EyeWitness/screens/http.*.fundacioncepsa.es.png,/home/kali/Desktop/Practicaredteam/EyeWitness/source/http.*.fundacioncepsa.es.txt
http,80,distribuidores.cepsa.es,Timeout,/home/kali/Desktop/Practicaredteam/EyeWitness/screens/http.distribuidores.cepsa.es.png,/home/kali/Desktop/Practicaredteam/EyeWitness/source/http.distribuidores.cepsa.es.txt
http,80,www.distribuidores.cepsa.es,BadStatus,/home/kali/Desktop/Practicaredteam/EyeWitness/screens/http.www.distribuidores.cepsa.es.png,/home/kali/Desktop/Practicaredteam/EyeWitness/source/http.www.distribuidores.cepsa.es.txt
http,80,enruta.cepsa.es,Successful,/home/kali/Desktop/Practicaredteam/EyeWitness/screens/http.enruta.cepsa.es.png,/home/kali/Desktop/Practicaredteam/EyeWitness/source/http.enruta.cepsa.es.txt
http,80,www.enruta.cepsa.es,BadStatus,/home/kali/Desktop/Practicaredteam/EyeWitness/screens/http.www.enruta.cepsa.es.png,/home/kali/Desktop/Practicaredteam/EyeWitness/source/http.www.enruta.cepsa.es.txt
http,80,cepsa.es,Timeout,/home/kali/Desktop/Practicaredteam/EyeWitness/screens/http.cepsa.es.png,/home/kali/Desktop/Practicaredteam/EyeWitness/source/http.cepsa.es.txt
http,80,www.cepsa.es,Timeout,/home/kali/Desktop/Practicaredteam/EyeWitness/screens/http.www.cepsa.es.png,/home/kali/Desktop/Practicaredteam/EyeWitness/source/http.www.cepsa.es.txt
http,80,email.cepsa.net,Successful,/home/kali/Desktop/Practicaredteam/EyeWitness/screens/http.www.cepsa.es.png,/home/kali/Desktop/Practicaredteam/EyeWitness/source/http.email.cepsa.net.txt
http,80,www.tiendacepsa.com,Successful,/home/kali/Desktop/Practicaredteam/EyeWitness/screens/http.tiendacepsa.es.png,/home/kali/Desktop/Practicaredteam/EyeWitness/source/http.www.tiendacepsa.com.txt
http,80,tiendacepsa.com,Successful,/home/kali/Desktop/Practicaredteam/EyeWitness/screens/http.tiendacepsa.es.png,/home/kali/Desktop/Practicaredteam/EyeWitness/source/http.tiendacepsa.com.txt
http,80,www.tiendacepsa.com,Successful,/home/kali/Desktop/Practicaredteam/EyeWitness/screens/http.tiendacepsa.es.png,/home/kali/Desktop/Practicaredteam/EyeWitness/source/http.www.tiendacepsa.com.txt
http,80,tiendacepsa.com,Successful,/home/kali/Desktop/Practicaredteam/EyeWitness/screens/http.tiendacepsa.es.png,/home/kali/Desktop/Practicaredteam/EyeWitness/source/http.tiendacepsa.com.txt
http,80,www.tiendacepsa.es,Successful,/home/kali/Desktop/Practicaredteam/EyeWitness/screens/http.mcprod.cepsa.es.png,/home/kali/Desktop/Practicaredteam/EyeWitness/source/http.www.tiendacepsa.es.txt
http,80,tiendacepsa.es,Successful,/home/kali/Desktop/Practicaredteam/EyeWitness/screens/http.tiendacepsa.es.png,/home/kali/Desktop/Practicaredteam/EyeWitness/source/http.tiendacepsa.es.txt
http,80,mail2.tiendacepsa.es,Timeout,/home/kali/Desktop/Practicaredteam/EyeWitness/screens/http.mail2.tiendacepsa.es.png,/home/kali/Desktop/Practicaredteam/EyeWitness/source/http.mail2.tiendacepsa.es.txt
http,80,mail.tiendacepsa.es,Timeout,/home/kali/Desktop/Practicaredteam/EyeWitness/screens/http.mail.tiendacepsa.es.png,/home/kali/Desktop/Practicaredteam/EyeWitness/source/http.mail.tiendacepsa.es.txt
http,80,_xmpp-server._tcp.cepsa.com,BadStatus,/home/kali/Desktop/Practicaredteam/EyeWitness/screens/http._xmpp-server._tcp.cepsa.com.png,/home/kali/Desktop/Practicaredteam/EyeWitness/source/http._xmpp-server._tcp.cepsa.com.txt
http,80,sip.cepsa.com,Timeout,/home/kali/Desktop/Practicaredteam/EyeWitness/screens/http.sip.cepsa.com.png,/home/kali/Desktop/Practicaredteam/EyeWitness/source/http.sip.cepsa.com.txt
http,80,ns1.cepsa.net,Timeout,/home/kali/Desktop/Practicaredteam/EyeWitness/screens/http.ns1.cepsa.net.png,/home/kali/Desktop/Practicaredteam/EyeWitness/source/http.ns1.cepsa.net.txt
http,80,lyncdiscover.cepsa.com,Successful,/home/kali/Desktop/Practicaredteam/EyeWitness/screens/http.lyncdiscover.cepsa.com.png,/home/kali/Desktop/Practicaredteam/EyeWitness/source/http.lyncdiscover.cepsa.com.txt
http,80,dialin.cepsa.com,Successful,/home/kali/Desktop/Practicaredteam/EyeWitness/screens/http.dialin.cepsa.com.png,/home/kali/Desktop/Practicaredteam/EyeWitness/source/http.dialin.cepsa.com.txt
http,80,meet.cepsa.com,Successful,/home/kali/Desktop/Practicaredteam/EyeWitness/screens/http.meet.cepsa.com.png,/home/kali/Desktop/Practicaredteam/EyeWitness/source/http.meet.cepsa.com.txt
http,80,test.cepsa.es,Successful,/home/kali/Desktop/Practicaredteam/EyeWitness/screens/http.test.cepsa.es.png,/home/kali/Desktop/Practicaredteam/EyeWitness/source/http.test.cepsa.es.txt
http,80,test31.cepsa.es,Successful,/home/kali/Desktop/Practicaredteam/EyeWitness/screens/http.test31.cepsa.es.png,/home/kali/Desktop/Practicaredteam/EyeWitness/source/http.test31.cepsa.es.txt
http,80,cercadeti.cepsa.es,Timeout,/home/kali/Desktop/Practicaredteam/EyeWitness/screens/http.cercadeti.cepsa.es.png,/home/kali/Desktop/Practicaredteam/EyeWitness/source/http.cercadeti.cepsa.es.txt
http,80,app2.cepsa.com,Successful,/home/kali/Desktop/Practicaredteam/EyeWitness/screens/http.app2.cepsa.com.png,/home/kali/Desktop/Practicaredteam/EyeWitness/source/http.app2.cepsa.com.txt
http,80,distribuidores.cepsa.es,Timeout,/home/kali/Desktop/Practicaredteam/EyeWitness/screens/http.distribuidores.cepsa.es.png,/home/kali/Desktop/Practicaredteam/EyeWitness/source/http.distribuidores.cepsa.es.txt
http,80,www.cepsa.es,Timeout,/home/kali/Desktop/Practicaredteam/EyeWitness/screens/http.www.cepsa.es.png,/home/kali/Desktop/Practicaredteam/EyeWitness/source/http.www.cepsa.es.txt
http,80,enruta.cepsa.es,Successful,/home/kali/Desktop/Practicaredteam/EyeWitness/screens/http.enruta.cepsa.es.png,/home/kali/Desktop/Practicaredteam/EyeWitness/source/http.enruta.cepsa.es.txt
http,80,porquetuvuelves.cepsa.es,Timeout,/home/kali/Desktop/Practicaredteam/EyeWitness/screens/http.porquetuvuelves.cepsa.es.png,/home/kali/Desktop/Practicaredteam/EyeWitness/source/http.porquetuvuelves.cepsa.es.txt
http,80,servidor10.cepsa.com,Timeout,/home/kali/Desktop/Practicaredteam/EyeWitness/screens/http.servidor10.cepsa.com.png,/home/kali/Desktop/Practicaredteam/EyeWitness/source/http.servidor10.cepsa.com.txt
http,80,pertodesi.cepsa.com,Timeout,/home/kali/Desktop/Practicaredteam/EyeWitness/screens/http.pertodesi.cepsa.com.png,/home/kali/Desktop/Practicaredteam/EyeWitness/source/http.pertodesi.cepsa.com.txt
http,80,w012.cepsa.com,Timeout,/home/kali/Desktop/Practicaredteam/EyeWitness/screens/http.w012.cepsa.com.png,/home/kali/Desktop/Practicaredteam/EyeWitness/source/http.w012.cepsa.com.txt
http,80,tiendacepsa.es,Successful,/home/kali/Desktop/Practicaredteam/EyeWitness/screens/http.tiendacepsa.es.png,/home/kali/Desktop/Practicaredteam/EyeWitness/source/http.tiendacepsa.es.txt
http,80,sso.cepsa.com,Successful,/home/kali/Desktop/Practicaredteam/EyeWitness/screens/http.sso.cepsa.com.png,/home/kali/Desktop/Practicaredteam/EyeWitness/source/http.sso.cepsa.com.txt
http,80,www.tiendacepsa.com,Successful,/home/kali/Desktop/Practicaredteam/EyeWitness/screens/http.tiendacepsa.es.png,/home/kali/Desktop/Practicaredteam/EyeWitness/source/http.www.tiendacepsa.com.txt
http,80,aml.cepsa.com,Successful,/home/kali/Desktop/Practicaredteam/EyeWitness/screens/http.aml.cepsa.com.png,/home/kali/Desktop/Practicaredteam/EyeWitness/source/http.aml.cepsa.com.txt
http,80,tiendacepsa.com,Successful,/home/kali/Desktop/Practicaredteam/EyeWitness/screens/http.tiendacepsa.es.png,/home/kali/Desktop/Practicaredteam/EyeWitness/source/http.tiendacepsa.com.txt
http,80,cepsa.net,Timeout,/home/kali/Desktop/Practicaredteam/EyeWitness/screens/http.cepsa.net.png,/home/kali/Desktop/Practicaredteam/EyeWitness/source/http.cepsa.net.txt
http,80,cepsa.com,Timeout,/home/kali/Desktop/Practicaredteam/EyeWitness/screens/http.cepsa.com.png,/home/kali/Desktop/Practicaredteam/EyeWitness/source/http.cepsa.com.txt
http,80,permtvision.cepsa.com,Successful,/home/kali/Desktop/Practicaredteam/EyeWitness/screens/http.permtvision.cepsa.com.png,/home/kali/Desktop/Practicaredteam/EyeWitness/source/http.permtvision.cepsa.com.txt
http,80,jobs.cepsa.com,Successful,/home/kali/Desktop/Practicaredteam/EyeWitness/screens/http.jobs.cepsa.com.png,/home/kali/Desktop/Practicaredteam/EyeWitness/source/http.jobs.cepsa.com.txt
http,80,www.tiendacepsa.es,Successful,/home/kali/Desktop/Practicaredteam/EyeWitness/screens/http.mcprod.cepsa.es.png,/home/kali/Desktop/Practicaredteam/EyeWitness/source/http.www.tiendacepsa.es.txt
http,80,chemicals.cepsa.com,Timeout,/home/kali/Desktop/Practicaredteam/EyeWitness/screens/http.chemicals.cepsa.com.png,/home/kali/Desktop/Practicaredteam/EyeWitness/source/http.chemicals.cepsa.com.txt
http,80,www.cepsa.com,Timeout,/home/kali/Desktop/Practicaredteam/EyeWitness/screens/http.www.cepsa.com.png,/home/kali/Desktop/Practicaredteam/EyeWitness/source/http.www.cepsa.com.txt
http,80,media.cepsa.com,Successful,/home/kali/Desktop/Practicaredteam/EyeWitness/screens/http.media.cepsa.com.png,/home/kali/Desktop/Practicaredteam/EyeWitness/source/http.media.cepsa.com.txt
http,80,pt.cepsa.com,Timeout,/home/kali/Desktop/Practicaredteam/EyeWitness/screens/http.pt.cepsa.com.png,/home/kali/Desktop/Practicaredteam/EyeWitness/source/http.pt.cepsa.com.txt
http,80,servidor03.cepsa.com,Timeout,/home/kali/Desktop/Practicaredteam/EyeWitness/screens/http.servidor03.cepsa.com.png,/home/kali/Desktop/Practicaredteam/EyeWitness/source/http.servidor03.cepsa.com.txt
http,80,ep01.cepsa.com,Timeout,/home/kali/Desktop/Practicaredteam/EyeWitness/screens/http.ep01.cepsa.com.png,/home/kali/Desktop/Practicaredteam/EyeWitness/source/http.ep01.cepsa.com.txt
http,80,servidor02.cepsa.com,Successful,/home/kali/Desktop/Practicaredteam/EyeWitness/screens/http.as.servidor12.cepsa.com.png,/home/kali/Desktop/Practicaredteam/EyeWitness/source/http.servidor02.cepsa.com.txt
http,80,servidor12.cepsa.com,Successful,/home/kali/Desktop/Practicaredteam/EyeWitness/screens/http.as.servidor12.cepsa.com.png,/home/kali/Desktop/Practicaredteam/EyeWitness/source/http.servidor12.cepsa.com.txt
http,80,prv.cepsa.com,Timeout,/home/kali/Desktop/Practicaredteam/EyeWitness/screens/http.prv.cepsa.com.png,/home/kali/Desktop/Practicaredteam/EyeWitness/source/http.prv.cepsa.com.txt
http,80,prvc.cepsa.com,Timeout,/home/kali/Desktop/Practicaredteam/EyeWitness/screens/http.prvc.cepsa.com.png,/home/kali/Desktop/Practicaredteam/EyeWitness/source/http.prvc.cepsa.com.txt
http,80,dev.architecture.cepsa.com,Successful,/home/kali/Desktop/Practicaredteam/EyeWitness/screens/http.dev.architecture.cepsa.com.png,/home/kali/Desktop/Practicaredteam/EyeWitness/source/http.dev.architecture.cepsa.com.txt
http,80,priv.cepsa.com,Timeout,/home/kali/Desktop/Practicaredteam/EyeWitness/screens/http.priv.cepsa.com.png,/home/kali/Desktop/Practicaredteam/EyeWitness/source/http.priv.cepsa.com.txt
http,80,asphalts.cepsa.com,Timeout,/home/kali/Desktop/Practicaredteam/EyeWitness/screens/http.asphalts.cepsa.com.png,/home/kali/Desktop/Practicaredteam/EyeWitness/source/http.asphalts.cepsa.com.txt
http,80,aviation.cepsa.com,Timeout,/home/kali/Desktop/Practicaredteam/EyeWitness/screens/http.aviation.cepsa.com.png,/home/kali/Desktop/Practicaredteam/EyeWitness/source/http.aviation.cepsa.com.txt
http,80,mgr.cepsa.com,Successful,/home/kali/Desktop/Practicaredteam/EyeWitness/screens/http.mgr.cepsa.com.png,/home/kali/Desktop/Practicaredteam/EyeWitness/source/http.mgr.cepsa.com.txt
http,80,www.cepsa.net,Timeout,/home/kali/Desktop/Practicaredteam/EyeWitness/screens/http.www.cepsa.net.png,/home/kali/Desktop/Practicaredteam/EyeWitness/source/http.www.cepsa.net.txt
http,80,lubricants.cepsa.com,Successful,/home/kali/Desktop/Practicaredteam/EyeWitness/screens/http.lubricants.cepsa.com.png,/home/kali/Desktop/Practicaredteam/EyeWitness/source/http.lubricants.cepsa.com.txt
http,80,alias.cepsa.com,Successful,/home/kali/Desktop/Practicaredteam/EyeWitness/screens/http.www.cepsa.es.png,/home/kali/Desktop/Practicaredteam/EyeWitness/source/http.alias.cepsa.com.txt
http,80,msl.dev.architecture.cepsa.com,BadStatus,/home/kali/Desktop/Practicaredteam/EyeWitness/screens/http.msl.dev.architecture.cepsa.com.png,/home/kali/Desktop/Practicaredteam/EyeWitness/source/http.msl.dev.architecture.cepsa.com.txt
http,80,porquetuvuelves.cepsa.com,Timeout,/home/kali/Desktop/Practicaredteam/EyeWitness/screens/http.porquetuvuelves.cepsa.com.png,/home/kali/Desktop/Practicaredteam/EyeWitness/source/http.porquetuvuelves.cepsa.com.txt
http,80,ns1.cepsa.com,Timeout,/home/kali/Desktop/Practicaredteam/EyeWitness/screens/http.ns1.cepsa.com.png,/home/kali/Desktop/Practicaredteam/EyeWitness/source/http.ns1.cepsa.com.txt
http,80,apiportal.cepsa.com,Timeout,/home/kali/Desktop/Practicaredteam/EyeWitness/screens/http.apiportal.cepsa.com.png,/home/kali/Desktop/Practicaredteam/EyeWitness/source/http.apiportal.cepsa.com.txt
http,80,servidor11.cepsa.com,Timeout,/home/kali/Desktop/Practicaredteam/EyeWitness/screens/http.servidor11.cepsa.com.png,/home/kali/Desktop/Practicaredteam/EyeWitness/source/http.servidor11.cepsa.com.txt
http,80,mail.cepsa.net,Timeout,/home/kali/Desktop/Practicaredteam/EyeWitness/screens/http.mail.cepsa.net.png,/home/kali/Desktop/Practicaredteam/EyeWitness/source/http.mail.cepsa.net.txt
http,80,c2s.cepsa.com,Successful,/home/kali/Desktop/Practicaredteam/EyeWitness/screens/http.c2s.cepsa.com.png,/home/kali/Desktop/Practicaredteam/EyeWitness/source/http.c2s.cepsa.com.txt
http,80,web.gtm-dev.cepsa.com,Successful,/home/kali/Desktop/Practicaredteam/EyeWitness/screens/http.web.gtm-dev.cepsa.com.png,/home/kali/Desktop/Practicaredteam/EyeWitness/source/http.web.gtm-dev.cepsa.com.txt
http,80,bunker.cepsa.com,Timeout,/home/kali/Desktop/Practicaredteam/EyeWitness/screens/http.bunker.cepsa.com.png,/home/kali/Desktop/Practicaredteam/EyeWitness/source/http.bunker.cepsa.com.txt
http,80,fundacion.cepsa.com,Successful,/home/kali/Desktop/Practicaredteam/EyeWitness/screens/http.fundacion.cepsa.com.png,/home/kali/Desktop/Practicaredteam/EyeWitness/source/http.fundacion.cepsa.com.txt
http,80,cepsa.es,Timeout,/home/kali/Desktop/Practicaredteam/EyeWitness/screens/http.cepsa.es.png,/home/kali/Desktop/Practicaredteam/EyeWitness/source/http.cepsa.es.txt
http,80,autodiscover.cepsa.com,Successful,/home/kali/Desktop/Practicaredteam/EyeWitness/screens/http.autodiscover.cepsa.com.png,/home/kali/Desktop/Practicaredteam/EyeWitness/source/http.autodiscover.cepsa.com.txt
http,80,mcstaging.cepsa.es,Successful,/home/kali/Desktop/Practicaredteam/EyeWitness/screens/http.mcstaging.cepsa.es.png,/home/kali/Desktop/Practicaredteam/EyeWitness/source/http.mcstaging.cepsa.es.txt
http,80,www0.cepsa.com,Timeout,/home/kali/Desktop/Practicaredteam/EyeWitness/screens/http.www0.cepsa.com.png,/home/kali/Desktop/Practicaredteam/EyeWitness/source/http.www0.cepsa.com.txt
http,80,www9.cepsa.com,Timeout,/home/kali/Desktop/Practicaredteam/EyeWitness/screens/http.www9.cepsa.com.png,/home/kali/Desktop/Practicaredteam/EyeWitness/source/http.www9.cepsa.com.txt
http,80,mcprod.cepsa.es,Successful,/home/kali/Desktop/Practicaredteam/EyeWitness/screens/http.mcprod.cepsa.es.png,/home/kali/Desktop/Practicaredteam/EyeWitness/source/http.mcprod.cepsa.es.txt
http,80,social.cepsa.com,Timeout,/home/kali/Desktop/Practicaredteam/EyeWitness/screens/http.social.cepsa.com.png,/home/kali/Desktop/Practicaredteam/EyeWitness/source/http.social.cepsa.com.txt
http,80,as.servidor12.cepsa.com,Successful,/home/kali/Desktop/Practicaredteam/EyeWitness/screens/http.as.servidor12.cepsa.com.png,/home/kali/Desktop/Practicaredteam/EyeWitness/source/http.as.servidor12.cepsa.com.txt
http,80,social105.cepsa.com,Timeout,/home/kali/Desktop/Practicaredteam/EyeWitness/screens/http.social105.cepsa.com.png,/home/kali/Desktop/Practicaredteam/EyeWitness/source/http.social105.cepsa.com.txt
http,80,videoasistencia.cepsa.com,Timeout,/home/kali/Desktop/Practicaredteam/EyeWitness/screens/http.videoasistencia.cepsa.com.png,/home/kali/Desktop/Practicaredteam/EyeWitness/source/http.videoasistencia.cepsa.com.txt
http,80,download.servidor12.cepsa.com,Successful,/home/kali/Desktop/Practicaredteam/EyeWitness/screens/http.as.servidor12.cepsa.com.png,/home/kali/Desktop/Practicaredteam/EyeWitness/source/http.download.servidor12.cepsa.com.txt
http,80,servidor14.cepsa.com,Successful,/home/kali/Desktop/Practicaredteam/EyeWitness/screens/http.www.cepsa.es.png,/home/kali/Desktop/Practicaredteam/EyeWitness/source/http.servidor14.cepsa.com.txt
http,80,servidor13.cepsa.com,Successful,/home/kali/Desktop/Practicaredteam/EyeWitness/screens/http.www.cepsa.es.png,/home/kali/Desktop/Practicaredteam/EyeWitness/source/http.servidor13.cepsa.com.txt
http,80,servidor01.cepsa.com,Timeout,/home/kali/Desktop/Practicaredteam/EyeWitness/screens/http.servidor01.cepsa.com.png,/home/kali/Desktop/Practicaredteam/EyeWitness/source/http.servidor01.cepsa.com.txt
http,80,w020.cepsa.com,Successful,/home/kali/Desktop/Practicaredteam/EyeWitness/screens/http.w020.cepsa.com.png,/home/kali/Desktop/Practicaredteam/EyeWitness/source/http.w020.cepsa.com.txt
http,80,auth.cepsa.com,Successful,/home/kali/Desktop/Practicaredteam/EyeWitness/screens/http.auth.cepsa.com.png,/home/kali/Desktop/Practicaredteam/EyeWitness/source/http.auth.cepsa.com.txt
http,80,noil.cepsa.com,Successful,/home/kali/Desktop/Practicaredteam/EyeWitness/screens/http.noil.cepsa.com.png,/home/kali/Desktop/Practicaredteam/EyeWitness/source/http.noil.cepsa.com.txt
http,80,prvpt.cepsa.com,Timeout,/home/kali/Desktop/Practicaredteam/EyeWitness/screens/http.prvpt.cepsa.com.png,/home/kali/Desktop/Practicaredteam/EyeWitness/source/http.prvpt.cepsa.com.txt
http,80,buscador1.cepsa.com,Timeout,/home/kali/Desktop/Practicaredteam/EyeWitness/screens/http.buscador1.cepsa.com.png,/home/kali/Desktop/Practicaredteam/EyeWitness/source/http.buscador1.cepsa.com.txt
http,80,www8.cepsa.com,Timeout,/home/kali/Desktop/Practicaredteam/EyeWitness/screens/http.www8.cepsa.com.png,/home/kali/Desktop/Practicaredteam/EyeWitness/source/http.www8.cepsa.com.txt
http,80,email.cepsa.net,Successful,/home/kali/Desktop/Practicaredteam/EyeWitness/screens/http.www.cepsa.es.png,/home/kali/Desktop/Practicaredteam/EyeWitness/source/http.email.cepsa.net.txt
http,80,starressa.cepsa.com,Successful,/home/kali/Desktop/Practicaredteam/EyeWitness/screens/http.starressa.cepsa.com.png,/home/kali/Desktop/Practicaredteam/EyeWitness/source/http.starressa.cepsa.com.txt
http,80,b2b.cepsa.es,Timeout,/home/kali/Desktop/Practicaredteam/EyeWitness/screens/http.b2b.cepsa.es.png,/home/kali/Desktop/Practicaredteam/EyeWitness/source/http.b2b.cepsa.es.txt